word_pos,Word,EncodedTokens
0,I,[40]
1,HAD,[39 1846]
2,always,[33222]
3,thought,[61665]
4,Jack,[33731]
5,Gisburn,[38 285 22464]
6,rather,[74303]
7,a,[64]
8,cheap,[62790]
9,geniusthough,[4469 72 592 71 1409]
10,a,[64]
11,good,[19045]
12,fellow,[69 5412]
13,enoughso,[268 1409 708]
14,it,[275]
15,was,[16514]
16,no,[2201]
17,great,[47991]
18,surprise,[20370 9868]
19,to,[998]
20,me,[2727]
21,to,[998]
22,hear,[87160]
23,that,[9210]
24,in,[258]
25,the,[1820]
26,height,[2627]
27,of,[1073]
28,his,[26301]
29,glory,[6200 683]
30,he,[383]
31,had,[32345]
32,dropped,[11513 7069]
33,his,[26301]
34,painting,[34717 287]
35,married,[70582]
36,a,[64]
37,rich,[14172]
38,widow,[44715 363]
39,and,[438]
40,established,[34500 291]
41,himself,[40617 726]
42,in,[258]
43,a,[64]
44,villa,[64438]
45,on,[263]
46,the,[1820]
47,Riviera,[49 344 26919]
48,Though,[27831]
49,I,[40]
50,rather,[74303]
51,thought,[61665]
52,it,[275]
53,would,[41450]
54,have,[19553]
55,been,[82850]
56,Rome,[49 638]
57,or,[269]
58,Florence,[93387 16271]
59,The,[791]
60,height,[2627]
61,of,[1073]
62,his,[26301]
63,glorythat,[6200 683 9210]
64,was,[16514]
65,what,[12840]
66,the,[1820]
67,women,[65762]
68,called,[44982]
69,it,[275]
70,I,[40]
71,can,[4919]
72,hear,[87160]
73,Mrs,[50329]
74,Gideon,[38 100242]
75,Thwinghis,[1016 24510 26301]
76,last,[4354]
77,Chicago,[47275]
78,sitterdeploring,[82 3328 451 501 5620]
79,his,[26301]
80,unaccountable,[359 4711 481]
81,abdication,[87020 20901]
82,Of,[2173]
83,course,[12120]
84,its,[1220]
85,going,[9738]
86,to,[998]
87,send,[6820]
88,the,[1820]
89,value,[970]
90,of,[1073]
91,my,[2465]
92,picture,[27581]
93,way,[3195]
94,up,[455]
95,but,[8248]
96,I,[40]
97,dont,[78125]
98,think,[27963]
99,of,[1073]
100,that,[9210]
101,Mr,[12555]
102,Rickhamthe,[73345 5721 1820]
103,loss,[9563]
104,to,[998]
105,Arrt,[9014 83]
106,is,[285]
107,all,[543]
108,I,[40]
109,think,[27963]
110,of,[1073]
111,The,[791]
112,word,[1178]
113,on,[263]
114,Mrs,[50329]
115,Thwings,[1016 86 826]
116,lips,[75 3153]
117,multiplied,[27364 3523]
118,its,[1220]
119,rs,[5544]
120,as,[300]
121,though,[4636]
122,they,[20670]
123,were,[52898]
124,reflected,[1116 2258]
125,in,[258]
126,an,[276]
127,endless,[408 1752]
128,vista,[85 9265]
129,of,[1073]
130,mirrors,[20531 32786]
131,And,[3112]
132,it,[275]
133,was,[16514]
134,not,[1962]
135,only,[3323]
136,the,[1820]
137,Mrs,[50329]
138,Thwings,[1016 86 826]
139,who,[14965]
140,mourned,[76 3514 291]
141,Had,[56568]
142,not,[1962]
143,the,[1820]
144,exquisite,[327 33524]
145,Hermia,[39 4289 689]
146,Croft,[96141 728]
147,at,[266]
148,the,[1820]
149,last,[4354]
150,Grafton,[38 3017 263]
151,Gallery,[35282]
152,show,[3528]
153,stopped,[90963]
154,me,[2727]
155,before,[15145]
156,Gisburns,[38 285 22464 82]
157,Moondancers,[26694 2159 32842]
158,to,[998]
159,say,[37890]
160,with,[4291]
161,tears,[668 1590]
162,in,[258]
163,her,[1964]
164,eyes,[58331]
165,We,[1687]
166,shall,[19549]
167,not,[1962]
168,look,[7349]
169,upon,[59723]
170,its,[1220]
171,like,[4908]
172,again,[33871]
173,Welleven,[54 6853 1055]
174,through,[20322]
175,the,[1820]
176,prism,[652 2191]
177,of,[1073]
178,Hermias,[39 4289 3557]
179,tears,[668 1590]
180,I,[40]
181,felt,[66922]
182,able,[481]
183,to,[998]
184,face,[1594]
185,the,[1820]
186,fact,[34210]
187,with,[4291]
188,equanimity,[26378 16348 488]
189,Poor,[85203]
190,Jack,[33731]
191,Gisburn,[38 285 22464]
192,The,[791]
193,women,[65762]
194,had,[32345]
195,made,[28010]
196,himit,[71 2408]
197,was,[16514]
198,fitting,[6410 1303]
199,that,[9210]
200,they,[20670]
201,should,[5562]
202,mourn,[76 3514]
203,him,[40617]
204,Among,[34710]
205,his,[26301]
206,own,[785]
207,sex,[11814]
208,fewer,[71830 261]
209,regrets,[1610 76430]
210,were,[52898]
211,heard,[55603]
212,and,[438]
213,in,[258]
214,his,[26301]
215,own,[785]
216,trade,[37171]
217,hardly,[19221 398]
218,a,[64]
219,murmur,[76 53470 324]
220,Professional,[58613]
221,jealousy,[3841 30543 88]
222,Perhaps,[32576]
223,If,[2746]
224,it,[275]
225,were,[52898]
226,the,[1820]
227,honour,[82649 414]
228,of,[1073]
229,the,[1820]
230,craft,[7868]
231,was,[16514]
232,vindicated,[85 485 10297]
233,by,[1729]
234,little,[56492]
235,Claude,[65217 799]
236,Nutley,[79570 3258]
237,who,[14965]
238,in,[258]
239,all,[543]
240,good,[19045]
241,faith,[75710]
242,brought,[65 6478]
243,out,[412]
244,in,[258]
245,the,[1820]
246,Burlington,[33 1103 4910]
247,a,[64]
248,very,[1225]
249,handsome,[89112 638]
250,obituary,[677 275 3620]
251,on,[263]
252,Jackone,[33731 606]
253,of,[1073]
254,those,[54719]
255,showy,[3528 88]
256,articles,[16641]
257,stocked,[13787 291]
258,with,[4291]
259,random,[11719]
260,technicalities,[73237 1385]
261,that,[9210]
262,I,[40]
263,have,[19553]
264,heard,[55603]
265,I,[40]
266,wont,[86 546]
267,say,[37890]
268,by,[1729]
269,whom,[1336 316]
270,compared,[5807 1636]
271,to,[998]
272,Gisburns,[38 285 22464 82]
273,painting,[34717 287]
274,And,[3112]
275,sohis,[708 26301]
276,resolve,[17775]
277,being,[35214]
278,apparently,[680 31227]
279,irrevocablethe,[404 7430 511 481 1820]
280,discussion,[70969]
281,gradually,[6902 1870]
282,died,[67 1142]
283,out,[412]
284,and,[438]
285,as,[300]
286,Mrs,[50329]
287,Thwing,[1016 24510]
288,had,[32345]
289,predicted,[95400]
290,the,[1820]
291,price,[6692]
292,of,[1073]
293,Gisburns,[38 285 22464 82]
294,went,[42700]
295,up,[455]
296,It,[2181]
297,was,[16514]
298,not,[1962]
299,till,[83 484]
300,three,[28956]
301,years,[42820]
302,later,[68676]
303,that,[9210]
304,in,[258]
305,the,[1820]
306,course,[12120]
307,of,[1073]
308,a,[64]
309,few,[71830]
310,weeks,[82089]
311,idling,[307 2785]
312,on,[263]
313,the,[1820]
314,Riviera,[49 344 26919]
315,it,[275]
316,suddenly,[82 44806]
317,occurred,[14310 8293]
318,to,[998]
319,me,[2727]
320,to,[998]
321,wonder,[86 14518]
322,why,[35734]
323,Gisburn,[38 285 22464]
324,had,[32345]
325,given,[43068]
326,up,[455]
327,his,[26301]
328,painting,[34717 287]
329,On,[1966]
330,reflection,[78098]
331,it,[275]
332,really,[54760]
333,was,[16514]
334,a,[64]
335,tempting,[4307 287]
336,problem,[35686]
337,To,[1271]
338,accuse,[4575 817]
339,his,[26301]
340,wife,[48841]
341,would,[41450]
342,have,[19553]
343,been,[82850]
344,too,[37227]
345,easyhis,[46122 26301]
346,fair,[42000]
347,sitters,[82 29163]
348,had,[32345]
349,been,[82850]
350,denied,[5294 1142]
351,the,[1820]
352,solace,[39298 580]
353,of,[1073]
354,saying,[82 17718]
355,that,[9210]
356,Mrs,[50329]
357,Gisburn,[38 285 22464]
358,had,[32345]
359,dragged,[35031 3640]
360,him,[40617]
361,down,[2996]
362,For,[2520]
363,Mrs,[50329]
364,Gisburnas,[38 285 22464 300]
365,suchhad,[21470 32345]
366,not,[1962]
367,existed,[327 13539]
368,till,[83 484]
369,nearly,[77 22928]
370,a,[64]
371,year,[3236]
372,after,[10924]
373,Jacks,[41 7977]
374,resolve,[17775]
375,had,[32345]
376,been,[82850]
377,taken,[83261]
378,It,[2181]
379,might,[46068]
380,be,[1395]
381,that,[9210]
382,he,[383]
383,had,[32345]
384,married,[70582]
385,hersince,[71 388 1736]
386,he,[383]
387,liked,[44336]
388,his,[26301]
389,easebecause,[47714 28753]
390,he,[383]
391,didnt,[23770 406]
392,want,[53757]
393,to,[998]
394,go,[3427]
395,on,[263]
396,painting,[34717 287]
397,but,[8248]
398,it,[275]
399,would,[41450]
400,have,[19553]
401,been,[82850]
402,hard,[19221]
403,to,[998]
404,prove,[35563]
405,that,[9210]
406,he,[383]
407,had,[32345]
408,given,[43068]
409,up,[455]
410,his,[26301]
411,painting,[34717 287]
412,because,[28753]
413,he,[383]
414,had,[32345]
415,married,[70582]
416,her,[1964]
417,Of,[2173]
418,course,[12120]
419,if,[333]
420,she,[32158]
421,had,[32345]
422,not,[1962]
423,dragged,[35031 3640]
424,him,[40617]
425,down,[2996]
426,she,[32158]
427,had,[32345]
428,equally,[26378 750]
429,as,[300]
430,Miss,[36412]
431,Croft,[96141 728]
432,contended,[778 2954]
433,failed,[16479]
434,to,[998]
435,lift,[36069]
436,him,[40617]
437,upshe,[8772 383]
438,had,[32345]
439,not,[1962]
440,led,[839]
441,him,[40617]
442,back,[1445]
443,to,[998]
444,the,[1820]
445,easel,[68 84597]
446,To,[1271]
447,put,[631]
448,the,[1820]
449,brush,[37161]
450,into,[18614]
451,his,[26301]
452,hand,[10888]
453,againwhat,[33871 12840]
454,a,[64]
455,vocation,[85 2328]
456,for,[2000]
457,a,[64]
458,wife,[48841]
459,But,[4071]
460,Mrs,[50329]
461,Gisburn,[38 285 22464]
462,appeared,[99567]
463,to,[998]
464,have,[19553]
465,disdained,[4338 67 2692]
466,itand,[275 438]
467,I,[40]
468,felt,[66922]
469,it,[275]
470,might,[46068]
471,be,[1395]
472,interesting,[88657]
473,to,[998]
474,find,[3990]
475,out,[412]
476,why,[35734]
477,The,[791]
478,desultory,[5919 495 683]
479,life,[14789]
480,of,[1073]
481,the,[1820]
482,Riviera,[49 344 26919]
483,lends,[75 1438]
484,itself,[275 726]
485,to,[998]
486,such,[21470]
487,purely,[52833 398]
488,academic,[91356]
489,speculations,[9727 7607]
490,and,[438]
491,having,[69666]
492,on,[263]
493,my,[2465]
494,way,[3195]
495,to,[998]
496,Monte,[35515 68]
497,Carlo,[9028 385]
498,caught,[62308]
499,a,[64]
500,glimpse,[70 4763 79 325]
501,of,[1073]
502,Jacks,[41 7977]
503,balustraded,[13616 3497 14589]
504,terraces,[69769 2492]
505,between,[42967]
506,the,[1820]
507,pines,[79 1572]
508,I,[40]
509,had,[32345]
510,myself,[2465 726]
511,borne,[32096]
512,thither,[339 2544]
513,the,[1820]
514,next,[3684]
515,day,[1316]
516,I,[40]
517,found,[15456]
518,the,[1820]
519,couple,[23045 698]
520,at,[266]
521,tea,[82694]
522,beneath,[65 1994 589]
523,their,[50828]
524,palmtrees,[19866 2562 8016]
525,and,[438]
526,Mrs,[50329]
527,Gisburns,[38 285 22464 82]
528,welcome,[35184]
529,was,[16514]
530,so,[708]
531,genial,[4469 532]
532,that,[9210]
533,in,[258]
534,the,[1820]
535,ensuing,[729 7623]
536,weeks,[82089]
537,I,[40]
538,claimed,[21974]
539,it,[275]
540,frequently,[69 70941]
541,It,[2181]
542,was,[16514]
543,not,[1962]
544,that,[9210]
545,my,[2465]
546,hostess,[3875 434]
547,was,[16514]
548,interesting,[88657]
549,on,[263]
550,that,[9210]
551,point,[2837]
552,I,[40]
553,could,[29177]
554,have,[19553]
555,given,[43068]
556,Miss,[36412]
557,Croft,[96141 728]
558,the,[1820]
559,fullest,[1285 60244]
560,reassurance,[265 395 5890]
561,It,[2181]
562,was,[16514]
563,just,[4345]
564,because,[28753]
565,she,[32158]
566,was,[16514]
567,not,[1962]
568,interestingif,[88657 333]
569,I,[40]
570,may,[18864]
571,be,[1395]
572,pardoned,[62743 20262]
573,the,[1820]
574,bullthat,[43104 9210]
575,I,[40]
576,found,[15456]
577,her,[1964]
578,so,[708]
579,For,[2520]
580,Jack,[33731]
581,all,[543]
582,his,[26301]
583,life,[14789]
584,had,[32345]
585,been,[82850]
586,surrounded,[20370 45091]
587,by,[1729]
588,interesting,[88657]
589,women,[65762]
590,they,[20670]
591,had,[32345]
592,fostered,[69 11975 291]
593,his,[26301]
594,art,[472]
595,it,[275]
596,had,[32345]
597,been,[82850]
598,reared,[265 1636]
599,in,[258]
600,the,[1820]
601,hothouse,[6292 56134]
602,of,[1073]
603,their,[50828]
604,adulation,[329 2987]
605,And,[3112]
606,it,[275]
607,was,[16514]
608,therefore,[19041 1348]
609,instructive,[258 1257 535]
610,to,[998]
611,note,[10179]
612,what,[12840]
613,effect,[27153]
614,the,[1820]
615,deadening,[34854 6147]
616,atmosphere,[266 8801 8182]
617,of,[1073]
618,mediocrity,[4503 4309 488]
619,I,[40]
620,quote,[3022]
621,Miss,[36412]
622,Croft,[96141 728]
623,was,[16514]
624,having,[69666]
625,on,[263]
626,him,[40617]
627,I,[40]
628,have,[19553]
629,mentioned,[37691]
630,that,[9210]
631,Mrs,[50329]
632,Gisburn,[38 285 22464]
633,was,[16514]
634,rich,[14172]
635,and,[438]
636,it,[275]
637,was,[16514]
638,immediately,[318 44287]
639,perceptible,[716 1512 1260]
640,that,[9210]
641,her,[1964]
642,husband,[13092 7198]
643,was,[16514]
644,extracting,[24396 287]
645,from,[1527]
646,this,[576]
647,circumstance,[44398 372 1333]
648,a,[64]
649,delicate,[9783 8630]
650,but,[8248]
651,substantial,[2008 77057]
652,satisfaction,[82 52370]
653,It,[2181]
654,is,[285]
655,as,[300]
656,a,[64]
657,rule,[13233]
658,the,[1820]
659,people,[16455]
660,who,[14965]
661,scorn,[2445 1540]
662,money,[29359]
663,who,[14965]
664,get,[456]
665,most,[3646]
666,out,[412]
667,of,[1073]
668,it,[275]
669,and,[438]
670,Jacks,[41 7977]
671,elegant,[68 59902]
672,disdain,[4338 63599]
673,of,[1073]
674,his,[26301]
675,wifes,[86 83395]
676,big,[16548]
677,balance,[22298]
678,enabled,[16247]
679,him,[40617]
680,with,[4291]
681,an,[276]
682,appearance,[97755]
683,of,[1073]
684,perfect,[64185]
685,goodbreeding,[19045 21152 16490]
686,to,[998]
687,transmute,[1485 53314]
688,it,[275]
689,into,[18614]
690,objects,[19761]
691,of,[1073]
692,art,[472]
693,and,[438]
694,luxury,[63959 3431]
695,To,[1271]
696,the,[1820]
697,latter,[75 1683]
698,I,[40]
699,must,[25849]
700,add,[723]
701,he,[383]
702,remained,[1864 2692]
703,relatively,[3833 8046]
704,indifferent,[485 18780]
705,but,[8248]
706,he,[383]
707,was,[16514]
708,buying,[20369 287]
709,Renaissance,[49 7304 24918]
710,bronzes,[1347 28143 288]
711,and,[438]
712,eighteenthcentury,[68632 62655 1189 3431]
713,pictures,[76503]
714,with,[4291]
715,a,[64]
716,discrimination,[17242 6417 2617]
717,that,[9210]
718,bespoke,[9620 49198]
719,the,[1820]
720,amplest,[1545 267]
721,resources,[13035]
722,Moneys,[44 606 1065]
723,only,[3323]
724,excuse,[40541 817]
725,is,[285]
726,to,[998]
727,put,[631]
728,beauty,[1395 59051]
729,into,[18614]
730,circulation,[44398 2987]
731,was,[16514]
732,one,[606]
733,of,[1073]
734,the,[1820]
735,axioms,[710 91269]
736,he,[383]
737,laid,[75 3864]
738,down,[2996]
739,across,[582 2177]
740,the,[1820]
741,Sevres,[1542 85 417]
742,and,[438]
743,silver,[83014]
744,of,[1073]
745,an,[276]
746,exquisitely,[327 9383 275 989]
747,appointed,[71216]
748,luncheontable,[75 359 1557 546 481]
749,when,[9493]
750,on,[263]
751,a,[64]
752,later,[68676]
753,day,[1316]
754,I,[40]
755,had,[32345]
756,again,[33871]
757,run,[6236]
758,over,[2017]
759,from,[1527]
760,Monte,[35515 68]
761,Carlo,[9028 385]
762,and,[438]
763,Mrs,[50329]
764,Gisburn,[38 285 22464]
765,beaming,[1395 6605]
766,on,[263]
767,him,[40617]
768,added,[17249]
769,for,[2000]
770,my,[2465]
771,enlightenment,[268 4238 53061]
772,Jack,[33731]
773,is,[285]
774,so,[708]
775,morbidly,[57902 21301 398]
776,sensitive,[82 19245]
777,to,[998]
778,every,[30115]
779,form,[630]
780,of,[1073]
781,beauty,[1395 59051]
782,Poor,[85203]
783,Jack,[33731]
784,It,[2181]
785,had,[32345]
786,always,[33222]
787,been,[82850]
788,his,[26301]
789,fate,[69 349]
790,to,[998]
791,have,[19553]
792,women,[65762]
793,say,[37890]
794,such,[21470]
795,things,[58174]
796,of,[1073]
797,him,[40617]
798,the,[1820]
799,fact,[34210]
800,should,[5562]
801,be,[1395]
802,set,[751]
803,down,[2996]
804,in,[258]
805,extenuation,[428 1509 367]
806,What,[3923]
807,struck,[496 1983]
808,me,[2727]
809,now,[3409]
810,was,[16514]
811,that,[9210]
812,for,[2000]
813,the,[1820]
814,first,[3983]
815,time,[1712]
816,he,[383]
817,resented,[2762 291]
818,the,[1820]
819,tone,[59029]
820,I,[40]
821,had,[32345]
822,seen,[29412]
823,him,[40617]
824,so,[708]
825,often,[61917]
826,basking,[65 71805]
827,under,[8154]
828,similar,[65387]
829,tributeswas,[3688 16514]
830,it,[275]
831,the,[1820]
832,conjugal,[93540 45284]
833,note,[10179]
834,that,[9210]
835,robbed,[23576 2788]
836,them,[49818]
837,of,[1073]
838,their,[50828]
839,savour,[82 27089]
840,Nofor,[45 1073 269]
841,oddly,[14898 398]
842,enough,[268 1409]
843,it,[275]
844,became,[17106 373]
845,apparent,[680 1415]
846,that,[9210]
847,he,[383]
848,was,[16514]
849,fond,[69 2159]
850,of,[1073]
851,Mrs,[50329]
852,Gisburnfond,[38 285 22464 69 2159]
853,enough,[268 1409]
854,not,[1962]
855,to,[998]
856,see,[4151]
857,her,[1964]
858,absurdity,[3518 16468 488]
859,It,[2181]
860,was,[16514]
861,his,[26301]
862,own,[785]
863,absurdity,[3518 16468 488]
864,he,[383]
865,seemed,[325 16809]
866,to,[998]
867,be,[1395]
868,wincing,[86 2910 287]
869,underhis,[8154 26301]
870,own,[785]
871,attitude,[1617 3993]
872,as,[300]
873,an,[276]
874,object,[1735]
875,for,[2000]
876,garlands,[12440 8329]
877,and,[438]
878,incense,[2910 1137]
879,My,[5159]
880,dear,[451 277]
881,since,[11536]
882,Ive,[40 588]
883,chucked,[331 40458]
884,painting,[34717 287]
885,people,[16455]
886,dont,[78125]
887,say,[37890]
888,that,[9210]
889,stuff,[58404]
890,about,[9274]
891,methey,[4150 36661]
892,say,[37890]
893,it,[275]
894,about,[9274]
895,Victor,[37225 269]
896,Grindle,[6600 58863]
897,was,[16514]
898,his,[26301]
899,only,[3323]
900,protest,[782 1985]
901,as,[300]
902,he,[383]
903,rose,[25888]
904,from,[1527]
905,the,[1820]
906,table,[2048]
907,and,[438]
908,strolled,[267 21621]
909,out,[412]
910,onto,[10138]
911,the,[1820]
912,sunlit,[40619 32735]
913,terrace,[466 42283]
914,I,[40]
915,glanced,[6200 4979]
916,after,[10924]
917,him,[40617]
918,struck,[496 1983]
919,by,[1729]
920,his,[26301]
921,last,[4354]
922,word,[1178]
923,Victor,[37225 269]
924,Grindle,[6600 58863]
925,was,[16514]
926,in,[258]
927,fact,[34210]
928,becoming,[17106 18238]
929,the,[1820]
930,man,[1543]
931,of,[1073]
932,the,[1820]
933,momentas,[29699 300]
934,Jack,[33731]
935,himself,[40617 726]
936,one,[606]
937,might,[46068]
938,put,[631]
939,it,[275]
940,had,[32345]
941,been,[82850]
942,the,[1820]
943,man,[1543]
944,of,[1073]
945,the,[1820]
946,hour,[25704]
947,The,[791]
948,younger,[9514 65167]
949,artist,[19135]
950,was,[16514]
951,said,[84359]
952,to,[998]
953,have,[19553]
954,formed,[10365]
955,himself,[40617 726]
956,at,[266]
957,my,[2465]
958,friends,[30562]
959,feet,[1897 295]
960,and,[438]
961,I,[40]
962,wondered,[86 14518 291]
963,if,[333]
964,a,[64]
965,tinge,[1303 68]
966,of,[1073]
967,jealousy,[3841 30543 88]
968,underlay,[8154 6789]
969,the,[1820]
970,latters,[75 10385]
971,mysterious,[76 97499]
972,abdication,[87020 20901]
973,But,[4071]
974,nofor,[27752 269]
975,it,[275]
976,was,[16514]
977,not,[1962]
978,till,[83 484]
979,after,[10924]
980,that,[9210]
981,event,[3163]
982,that,[9210]
983,the,[1820]
984,rose,[25888]
985,Dubarry,[74294 11687]
986,drawingrooms,[81949 9949]
987,had,[32345]
988,begun,[52253 359]
989,to,[998]
990,display,[5610]
991,their,[50828]
992,Grindles,[6600 485 645]
993,I,[40]
994,turned,[42286]
995,to,[998]
996,Mrs,[50329]
997,Gisburn,[38 285 22464]
998,who,[14965]
999,had,[32345]
1000,lingered,[2785 12616]
1001,to,[998]
1002,give,[47530]
1003,a,[64]
1004,lump,[75 1538]
1005,of,[1073]
1006,sugar,[82 8734]
1007,to,[998]
1008,her,[1964]
1009,spaniel,[1508 13327]
1010,in,[258]
1011,the,[1820]
1012,diningroom,[67 5859 3039]
1013,Why,[10445]
1014,has,[4752]
1015,he,[383]
1016,chucked,[331 40458]
1017,painting,[34717 287]
1018,I,[40]
1019,asked,[1091 291]
1020,abruptly,[370 6722 398]
1021,She,[8100]
1022,raised,[93613]
1023,her,[1964]
1024,eyebrows,[1216 3141 1849]
1025,with,[4291]
1026,a,[64]
1027,hint,[47225]
1028,of,[1073]
1029,goodhumoured,[19045 28400 21020]
1030,surprise,[20370 9868]
1031,Oh,[12174]
1032,he,[383]
1033,doesnt,[28156 406]
1034,have,[19553]
1035,to,[998]
1036,now,[3409]
1037,you,[9514]
1038,know,[33134]
1039,and,[438]
1040,I,[40]
1041,want,[53757]
1042,him,[40617]
1043,to,[998]
1044,enjoy,[268 4215]
1045,himself,[40617 726]
1046,she,[32158]
1047,said,[84359]
1048,quite,[84270]
1049,simply,[15124 2603]
1050,I,[40]
1051,looked,[7349 291]
1052,about,[9274]
1053,the,[1820]
1054,spacious,[2203 19995]
1055,whitepanelled,[5902 7581 839]
1056,room,[3039]
1057,with,[4291]
1058,its,[1220]
1059,familleverte,[69 309 4618 65932]
1060,vases,[85 2315]
1061,repeating,[265 65977]
1062,the,[1820]
1063,tones,[92745]
1064,of,[1073]
1065,the,[1820]
1066,pale,[79 1604]
1067,damask,[15770 1091]
1068,curtains,[2407 83 1771]
1069,and,[438]
1070,its,[1220]
1071,eighteenthcentury,[68632 62655 1189 3431]
1072,pastels,[53520 2053]
1073,in,[258]
1074,delicate,[9783 8630]
1075,faded,[69 14589]
1076,frames,[24651]
1077,Has,[10493]
1078,he,[383]
1079,chucked,[331 40458]
1080,his,[26301]
1081,pictures,[76503]
1082,too,[37227]
1083,I,[40]
1084,havent,[71 402 306]
1085,seen,[29412]
1086,a,[64]
1087,single,[15698]
1088,one,[606]
1089,in,[258]
1090,the,[1820]
1091,house,[7830]
1092,A,[32]
1093,slight,[3306 492]
1094,shade,[87154]
1095,of,[1073]
1096,constraint,[49157]
1097,crossed,[29942 291]
1098,Mrs,[50329]
1099,Gisburns,[38 285 22464 82]
1100,open,[2569]
1101,countenance,[1868 10431]
1102,Its,[37220]
1103,his,[26301]
1104,ridiculous,[1907 292 13850]
1105,modesty,[2658 41339]
1106,you,[9514]
1107,know,[33134]
1108,He,[1548]
1109,says,[98036]
1110,theyre,[20670 265]
1111,not,[1962]
1112,fit,[6410]
1113,to,[998]
1114,have,[19553]
1115,about,[9274]
1116,hes,[17082]
1117,sent,[25526]
1118,them,[49818]
1119,all,[543]
1120,away,[14075]
1121,except,[11945]
1122,onemy,[263 4625]
1123,portraitand,[96741 438]
1124,that,[9210]
1125,I,[40]
1126,have,[19553]
1127,to,[998]
1128,keep,[13397]
1129,upstairs,[455 31234]
1130,His,[16366]
1131,ridiculous,[1907 292 13850]
1132,modestyJacks,[2658 41339 41 7977]
1133,modesty,[2658 41339]
1134,about,[9274]
1135,his,[26301]
1136,pictures,[76503]
1137,My,[5159]
1138,curiosity,[2407 33279]
1139,was,[16514]
1140,growing,[70 25156]
1141,like,[4908]
1142,the,[1820]
1143,beanstalk,[17937 90849]
1144,I,[40]
1145,said,[84359]
1146,persuasively,[32390 84 300 3210]
1147,to,[998]
1148,my,[2465]
1149,hostess,[3875 434]
1150,I,[40]
1151,must,[25849]
1152,really,[54760]
1153,see,[4151]
1154,your,[22479]
1155,portrait,[96741]
1156,you,[9514]
1157,know,[33134]
1158,She,[8100]
1159,glanced,[6200 4979]
1160,out,[412]
1161,almost,[60301]
1162,timorously,[20693 269 7162]
1163,at,[266]
1164,the,[1820]
1165,terrace,[466 42283]
1166,where,[2940]
1167,her,[1964]
1168,husband,[13092 7198]
1169,lounging,[75 283 983 287]
1170,in,[258]
1171,a,[64]
1172,hooded,[5812 291]
1173,chair,[35296]
1174,had,[32345]
1175,lit,[32735]
1176,a,[64]
1177,cigar,[66 52384]
1178,and,[438]
1179,drawn,[7788 77]
1180,the,[1820]
1181,Russian,[48807]
1182,deerhounds,[97362 71 3171]
1183,head,[2025]
1184,between,[42967]
1185,his,[26301]
1186,knees,[74 69819]
1187,Well,[11649]
1188,come,[2063]
1189,while,[3556]
1190,hes,[17082]
1191,not,[1962]
1192,looking,[20986]
1193,she,[32158]
1194,said,[84359]
1195,with,[4291]
1196,a,[64]
1197,laugh,[4355 7595]
1198,that,[9210]
1199,tried,[376 1142]
1200,to,[998]
1201,hide,[8727]
1202,her,[1964]
1203,nervousness,[77 651 788 2136]
1204,and,[438]
1205,I,[40]
1206,followed,[19070 291]
1207,her,[1964]
1208,between,[42967]
1209,the,[1820]
1210,marble,[5730 901]
1211,Emperors,[2321 716 1105]
1212,of,[1073]
1213,the,[1820]
1214,hall,[43341]
1215,and,[438]
1216,up,[455]
1217,the,[1820]
1218,wide,[9328]
1219,stairs,[31234]
1220,with,[4291]
1221,terracotta,[466 20554 22983]
1222,nymphs,[77 32800 82]
1223,poised,[5481 4147]
1224,among,[77405]
1225,flowers,[89770]
1226,at,[266]
1227,each,[9739]
1228,landing,[49441]
1229,In,[644]
1230,the,[1820]
1231,dimmest,[67 12828 478]
1232,corner,[74525]
1233,of,[1073]
1234,her,[1964]
1235,boudoir,[65 3023 13603]
1236,amid,[309 307]
1237,a,[64]
1238,profusion,[22579 7713]
1239,of,[1073]
1240,delicate,[9783 8630]
1241,and,[438]
1242,distinguished,[67 80382]
1243,objects,[19761]
1244,hung,[57932]
1245,one,[606]
1246,of,[1073]
1247,the,[1820]
1248,familiar,[69 41505]
1249,oval,[13825]
1250,canvases,[4919 85 2315]
1251,in,[258]
1252,the,[1820]
1253,inevitable,[483 85 15729]
1254,garlanded,[12440 1974 291]
1255,frame,[6906]
1256,The,[791]
1257,mere,[61031]
1258,outline,[45230]
1259,of,[1073]
1260,the,[1820]
1261,frame,[6906]
1262,called,[44982]
1263,up,[455]
1264,all,[543]
1265,Gisburns,[38 285 22464 82]
1266,past,[53520]
1267,Mrs,[50329]
1268,Gisburn,[38 285 22464]
1269,drew,[67 4361]
1270,back,[1445]
1271,the,[1820]
1272,windowcurtains,[5624 2407 83 1771]
1273,moved,[95918]
1274,aside,[29612]
1275,a,[64]
1276,jardiniere,[73 569 6729 486]
1277,full,[9054]
1278,of,[1073]
1279,pink,[64349]
1280,azaleas,[1394 1604 300]
1281,pushed,[9254 291]
1282,an,[276]
1283,armchair,[2227 35296]
1284,away,[14075]
1285,and,[438]
1286,said,[84359]
1287,If,[2746]
1288,you,[9514]
1289,stand,[2752]
1290,here,[6881]
1291,you,[9514]
1292,can,[4919]
1293,just,[4345]
1294,manage,[26174]
1295,to,[998]
1296,see,[4151]
1297,it,[275]
1298,I,[40]
1299,had,[32345]
1300,it,[275]
1301,over,[2017]
1302,the,[1820]
1303,mantelpiece,[42551 1290 9286]
1304,but,[8248]
1305,he,[383]
1306,wouldnt,[41450 406]
1307,let,[1169]
1308,it,[275]
1309,stay,[60021]
1310,YesI,[9642 40]
1311,could,[29177]
1312,just,[4345]
1313,manage,[26174]
1314,to,[998]
1315,see,[4151]
1316,itthe,[275 1820]
1317,first,[3983]
1318,portrait,[96741]
1319,of,[1073]
1320,Jacks,[41 7977]
1321,I,[40]
1322,had,[32345]
1323,ever,[2099]
1324,had,[32345]
1325,to,[998]
1326,strain,[78726]
1327,my,[2465]
1328,eyes,[58331]
1329,over,[2017]
1330,Usually,[71744]
1331,they,[20670]
1332,had,[32345]
1333,the,[1820]
1334,place,[2050]
1335,of,[1073]
1336,honoursay,[82649 2530 352]
1337,the,[1820]
1338,central,[52911]
1339,panel,[7581]
1340,in,[258]
1341,a,[64]
1342,pale,[79 1604]
1343,yellow,[28969]
1344,or,[269]
1345,rose,[25888]
1346,Dubarry,[74294 11687]
1347,drawingroom,[81949 3039]
1348,or,[269]
1349,a,[64]
1350,monumental,[1677 1143 278]
1351,easel,[68 84597]
1352,placed,[37469]
1353,so,[708]
1354,that,[9210]
1355,it,[275]
1356,took,[91453]
1357,the,[1820]
1358,light,[4238]
1359,through,[20322]
1360,curtains,[2407 83 1771]
1361,of,[1073]
1362,old,[820]
1363,Venetian,[60029 295 1122]
1364,point,[2837]
1365,The,[791]
1366,more,[6518]
1367,modest,[2658 478]
1368,place,[2050]
1369,became,[17106 373]
1370,the,[1820]
1371,picture,[27581]
1372,better,[58234]
1373,yet,[47492]
1374,as,[300]
1375,my,[2465]
1376,eyes,[58331]
1377,grew,[70 4361]
1378,accustomed,[4575 50786]
1379,to,[998]
1380,the,[1820]
1381,halflight,[12130 39490]
1382,all,[543]
1383,the,[1820]
1384,characteristic,[19740 4633]
1385,qualities,[83465]
1386,came,[6142]
1387,outall,[412 543]
1388,the,[1820]
1389,hesitations,[17082 31767]
1390,disguised,[4338 8890 4147]
1391,as,[300]
1392,audacities,[8039 582 1385]
1393,the,[1820]
1394,tricks,[376 5908]
1395,of,[1073]
1396,prestidigitation,[1762 267 307 343 7709]
1397,by,[1729]
1398,which,[8370]
1399,with,[4291]
1400,such,[21470]
1401,consummate,[67776 18543]
1402,skill,[30554]
1403,he,[383]
1404,managed,[26337]
1405,to,[998]
1406,divert,[614 531]
1407,attention,[54203]
1408,from,[1527]
1409,the,[1820]
1410,real,[8110]
1411,business,[27243]
1412,of,[1073]
1413,the,[1820]
1414,picture,[27581]
1415,to,[998]
1416,some,[15031]
1417,pretty,[34055]
1418,irrelevance,[404 265 33194]
1419,of,[1073]
1420,detail,[14927]
1421,Mrs,[50329]
1422,Gisburn,[38 285 22464]
1423,presenting,[29844 287]
1424,a,[64]
1425,neutral,[60668]
1426,surface,[40846]
1427,to,[998]
1428,work,[1816]
1429,onforming,[263 55857]
1430,as,[300]
1431,it,[275]
1432,were,[52898]
1433,so,[708]
1434,inevitably,[483 85 35768]
1435,the,[1820]
1436,background,[6884]
1437,of,[1073]
1438,her,[1964]
1439,own,[785]
1440,picturehad,[27581 32345]
1441,lent,[75 306]
1442,herself,[71 388 491]
1443,in,[258]
1444,an,[276]
1445,unusual,[359 81324]
1446,degree,[42127]
1447,to,[998]
1448,the,[1820]
1449,display,[5610]
1450,of,[1073]
1451,this,[576]
1452,false,[3934]
1453,virtuosity,[48481 84 22828]
1454,The,[791]
1455,picture,[27581]
1456,was,[16514]
1457,one,[606]
1458,of,[1073]
1459,Jacks,[41 7977]
1460,strongest,[4620 478]
1461,as,[300]
1462,his,[26301]
1463,admirers,[329 20531 388]
1464,would,[41450]
1465,have,[19553]
1466,put,[631]
1467,itit,[275 275]
1468,represented,[53859]
1469,on,[263]
1470,his,[26301]
1471,part,[4581]
1472,a,[64]
1473,swelling,[2332 6427]
1474,of,[1073]
1475,muscles,[38827 19153]
1476,a,[64]
1477,congesting,[444 7114 287]
1478,of,[1073]
1479,veins,[588 1354]
1480,a,[64]
1481,balancing,[13616 9151]
1482,straddling,[496 723 2785]
1483,and,[438]
1484,straining,[496 2101]
1485,that,[9210]
1486,reminded,[1864 17003]
1487,one,[606]
1488,of,[1073]
1489,the,[1820]
1490,circusclowns,[44398 355 566 43456]
1491,ironic,[2534 292]
1492,efforts,[6581 19491]
1493,to,[998]
1494,lift,[36069]
1495,a,[64]
1496,feather,[1897 1894]
1497,It,[2181]
1498,met,[4150]
1499,in,[258]
1500,short,[8846]
1501,at,[266]
1502,every,[30115]
1503,point,[2837]
1504,the,[1820]
1505,demand,[84031]
1506,of,[1073]
1507,lovely,[385 16637]
1508,woman,[22803]
1509,to,[998]
1510,be,[1395]
1511,painted,[79 31329]
1512,strongly,[4620 398]
1513,because,[28753]
1514,she,[32158]
1515,was,[16514]
1516,tired,[83 2757]
1517,of,[1073]
1518,being,[35214]
1519,painted,[79 31329]
1520,sweetlyand,[95928 398 438]
1521,yet,[47492]
1522,not,[1962]
1523,to,[998]
1524,lose,[1497]
1525,an,[276]
1526,atom,[22612]
1527,of,[1073]
1528,the,[1820]
1529,sweetness,[95928 2136]
1530,Its,[37220]
1531,the,[1820]
1532,last,[4354]
1533,he,[383]
1534,painted,[79 31329]
1535,you,[9514]
1536,know,[33134]
1537,Mrs,[50329]
1538,Gisburn,[38 285 22464]
1539,said,[84359]
1540,with,[4291]
1541,pardonable,[79 46396 481]
1542,pride,[652 579]
1543,The,[791]
1544,last,[4354]
1545,but,[8248]
1546,one,[606]
1547,she,[32158]
1548,corrected,[20523 291]
1549,herselfbut,[71 388 491 8248]
1550,the,[1820]
1551,other,[1605]
1552,doesnt,[28156 406]
1553,count,[1868]
1554,because,[28753]
1555,he,[383]
1556,destroyed,[15886 291]
1557,it,[275]
1558,Destroyed,[86842]
1559,it,[275]
1560,I,[40]
1561,was,[16514]
1562,about,[9274]
1563,to,[998]
1564,follow,[19070]
1565,up,[455]
1566,this,[576]
1567,clue,[566 361]
1568,when,[9493]
1569,I,[40]
1570,heard,[55603]
1571,a,[64]
1572,footstep,[5447 9710]
1573,and,[438]
1574,saw,[82 675]
1575,Jack,[33731]
1576,himself,[40617 726]
1577,on,[263]
1578,the,[1820]
1579,threshold,[30002]
1580,As,[2170]
1581,he,[383]
1582,stood,[52784]
1583,there,[19041]
1584,his,[26301]
1585,hands,[89112]
1586,in,[258]
1587,the,[1820]
1588,pockets,[79 20174]
1589,of,[1073]
1590,his,[26301]
1591,velveteen,[899 85 7870 268]
1592,coat,[68512]
1593,the,[1820]
1594,thin,[64771]
1595,brown,[65561]
1596,waves,[58365]
1597,of,[1073]
1598,hair,[51729]
1599,pushed,[9254 291]
1600,back,[1445]
1601,from,[1527]
1602,his,[26301]
1603,white,[5902]
1604,forehead,[1348 2025]
1605,his,[26301]
1606,lean,[2742]
1607,sunburnt,[40619 22464 83]
1608,cheeks,[1557 21854]
1609,furrowed,[84001 654 291]
1610,by,[1729]
1611,a,[64]
1612,smile,[3647 458]
1613,that,[9210]
1614,lifted,[36069 291]
1615,the,[1820]
1616,tips,[46554]
1617,of,[1073]
1618,a,[64]
1619,selfconfident,[726 6263 1748]
1620,moustache,[76 26169 1815]
1621,I,[40]
1622,felt,[66922]
1623,to,[998]
1624,what,[12840]
1625,a,[64]
1626,degree,[42127]
1627,he,[383]
1628,had,[32345]
1629,the,[1820]
1630,same,[25030]
1631,quality,[10692]
1632,as,[300]
1633,his,[26301]
1634,picturesthe,[27581 267 383]
1635,quality,[10692]
1636,of,[1073]
1637,looking,[20986]
1638,cleverer,[9326 424 261]
1639,than,[54895]
1640,he,[383]
1641,was,[16514]
1642,His,[16366]
1643,wife,[48841]
1644,glanced,[6200 4979]
1645,at,[266]
1646,him,[40617]
1647,deprecatingly,[451 10872 1113 398]
1648,but,[8248]
1649,his,[26301]
1650,eyes,[58331]
1651,travelled,[49610 839]
1652,past,[53520]
1653,her,[1964]
1654,to,[998]
1655,the,[1820]
1656,portrait,[96741]
1657,Mr,[12555]
1658,Rickham,[73345 5721]
1659,wanted,[87692]
1660,to,[998]
1661,see,[4151]
1662,it,[275]
1663,she,[32158]
1664,began,[65 16133]
1665,as,[300]
1666,if,[333]
1667,excusing,[40541 985]
1668,herself,[71 388 491]
1669,He,[1548]
1670,shrugged,[67139 20752]
1671,his,[26301]
1672,shoulders,[5562 388]
1673,still,[44466]
1674,smiling,[3647 8138]
1675,Oh,[12174]
1676,Rickham,[73345 5721]
1677,found,[15456]
1678,me,[2727]
1679,out,[412]
1680,long,[4930]
1681,ago,[6438]
1682,he,[383]
1683,said,[84359]
1684,lightly,[80598]
1685,then,[3473]
1686,passing,[6519 287]
1687,his,[26301]
1688,arm,[2227]
1689,through,[20322]
1690,mine,[6095]
1691,Come,[29951]
1692,and,[438]
1693,see,[4151]
1694,the,[1820]
1695,rest,[4014]
1696,of,[1073]
1697,the,[1820]
1698,house,[7830]
1699,He,[1548]
1700,showed,[3528 291]
1701,it,[275]
1702,to,[998]
1703,me,[2727]
1704,with,[4291]
1705,a,[64]
1706,kind,[15674]
1707,of,[1073]
1708,naive,[3458 535]
1709,suburban,[2008 60159]
1710,pride,[652 579]
1711,the,[1820]
1712,bathrooms,[65 589 9949]
1713,the,[1820]
1714,speakingtubes,[34474 1802 83 51725]
1715,the,[1820]
1716,dressclosets,[69334 33678 5022]
1717,the,[1820]
1718,trouserpressesall,[376 89105 1911 288 543]
1719,the,[1820]
1720,complex,[24126]
1721,simplifications,[82 6517 7174]
1722,of,[1073]
1723,the,[1820]
1724,millionaires,[59413 17724]
1725,domestic,[5717 10027]
1726,economy,[68 71171]
1727,And,[3112]
1728,whenever,[1336 31845]
1729,my,[2465]
1730,wonder,[86 14518]
1731,paid,[35778]
1732,the,[1820]
1733,expected,[7475]
1734,tribute,[2248]
1735,he,[383]
1736,said,[84359]
1737,throwing,[7265 287]
1738,out,[412]
1739,his,[26301]
1740,chest,[27417]
1741,a,[64]
1742,little,[56492]
1743,Yes,[9642]
1744,I,[40]
1745,really,[54760]
1746,dont,[78125]
1747,see,[4151]
1748,how,[5269]
1749,people,[16455]
1750,manage,[26174]
1751,to,[998]
1752,live,[25859]
1753,without,[30096]
1754,that,[9210]
1755,Wellit,[11649 275]
1756,was,[16514]
1757,just,[4345]
1758,the,[1820]
1759,end,[408]
1760,one,[606]
1761,might,[46068]
1762,have,[19553]
1763,foreseen,[1348 29412]
1764,for,[2000]
1765,him,[40617]
1766,Only,[7456]
1767,he,[383]
1768,was,[16514]
1769,through,[20322]
1770,it,[275]
1771,all,[543]
1772,and,[438]
1773,in,[258]
1774,spite,[2203 635]
1775,of,[1073]
1776,it,[275]
1777,allas,[16242]
1778,he,[383]
1779,had,[32345]
1780,been,[82850]
1781,through,[20322]
1782,and,[438]
1783,in,[258]
1784,spite,[2203 635]
1785,of,[1073]
1786,his,[26301]
1787,picturesso,[79 858 84 676 78]
1788,handsome,[89112 638]
1789,so,[708]
1790,charming,[1799 5424]
1791,so,[708]
1792,disarming,[4338 34002]
1793,that,[9210]
1794,one,[606]
1795,longed,[4930 291]
1796,to,[998]
1797,cry,[62238]
1798,out,[412]
1799,Be,[3513]
1800,dissatisfied,[67 1056 47365]
1801,with,[4291]
1802,your,[22479]
1803,leisure,[273 33237]
1804,as,[300]
1805,once,[13486]
1806,one,[606]
1807,had,[32345]
1808,longed,[4930 291]
1809,to,[998]
1810,say,[37890]
1811,Be,[3513]
1812,dissatisfied,[67 1056 47365]
1813,with,[4291]
1814,your,[22479]
1815,work,[1816]
1816,But,[4071]
1817,with,[4291]
1818,the,[1820]
1819,cry,[62238]
1820,on,[263]
1821,my,[2465]
1822,lips,[75 3153]
1823,my,[2465]
1824,diagnosis,[8747 50915]
1825,suffered,[82 2084 291]
1826,an,[276]
1827,unexpected,[54959]
1828,check,[2071]
1829,This,[2028]
1830,is,[285]
1831,my,[2465]
1832,own,[785]
1833,lair,[75 1334]
1834,he,[383]
1835,said,[84359]
1836,leading,[21307]
1837,me,[2727]
1838,into,[18614]
1839,a,[64]
1840,dark,[23449]
1841,plain,[21435]
1842,room,[3039]
1843,at,[266]
1844,the,[1820]
1845,end,[408]
1846,of,[1073]
1847,the,[1820]
1848,florid,[1517 269 307]
1849,vista,[85 9265]
1850,It,[2181]
1851,was,[16514]
1852,square,[38576]
1853,and,[438]
1854,brown,[65561]
1855,and,[438]
1856,leathery,[273 589 727]
1857,no,[2201]
1858,effects,[81524]
1859,no,[2201]
1860,bricabrac,[1347 292 370 20554]
1861,none,[6836]
1862,of,[1073]
1863,the,[1820]
1864,air,[1334]
1865,of,[1073]
1866,posing,[8478]
1867,for,[2000]
1868,reproduction,[265 23452]
1869,in,[258]
1870,a,[64]
1871,picture,[27581]
1872,weeklyabove,[72867 49532]
1873,all,[543]
1874,no,[2201]
1875,least,[56371]
1876,sign,[7908]
1877,of,[1073]
1878,ever,[2099]
1879,having,[69666]
1880,been,[82850]
1881,used,[2656]
1882,as,[300]
1883,a,[64]
1884,studio,[60119]
1885,The,[791]
1886,fact,[34210]
1887,brought,[65 6478]
1888,home,[5227]
1889,to,[998]
1890,me,[2727]
1891,the,[1820]
1892,absolute,[17625]
1893,finality,[12085 488]
1894,of,[1073]
1895,Jacks,[41 7977]
1896,break,[9137]
1897,with,[4291]
1898,his,[26301]
1899,old,[820]
1900,life,[14789]
1901,Dont,[35 546]
1902,you,[9514]
1903,ever,[2099]
1904,dabble,[67 73291]
1905,with,[4291]
1906,paint,[34717]
1907,any,[3852]
1908,more,[6518]
1909,I,[40]
1910,asked,[1091 291]
1911,still,[44466]
1912,looking,[20986]
1913,about,[9274]
1914,for,[2000]
1915,a,[64]
1916,trace,[15417]
1917,of,[1073]
1918,such,[21470]
1919,activity,[7323]
1920,Never,[27247]
1921,he,[383]
1922,said,[84359]
1923,briefly,[6796 398]
1924,Or,[2244]
1925,watercolouror,[13284 48439 269]
1926,etching,[3068 287]
1927,His,[16366]
1928,confident,[6263 1748]
1929,eyes,[58331]
1930,grew,[70 4361]
1931,dim,[13223]
1932,and,[438]
1933,his,[26301]
1934,cheeks,[1557 21854]
1935,paled,[79 5962]
1936,a,[64]
1937,little,[56492]
1938,under,[8154]
1939,their,[50828]
1940,handsome,[89112 638]
1941,sunburn,[40619 22464]
1942,Never,[27247]
1943,think,[27963]
1944,of,[1073]
1945,it,[275]
1946,my,[2465]
1947,dear,[451 277]
1948,fellowany,[69 5412 3852]
1949,more,[6518]
1950,than,[54895]
1951,if,[333]
1952,Id,[769]
1953,never,[37593]
1954,touched,[83 34170]
1955,a,[64]
1956,brush,[37161]
1957,And,[3112]
1958,his,[26301]
1959,tone,[59029]
1960,told,[83 820]
1961,me,[2727]
1962,in,[258]
1963,a,[64]
1964,flash,[19824]
1965,that,[9210]
1966,he,[383]
1967,never,[37593]
1968,thought,[61665]
1969,of,[1073]
1970,anything,[73254]
1971,else,[1531]
1972,I,[40]
1973,moved,[95918]
1974,away,[14075]
1975,instinctively,[6442 7956 3210]
1976,embarrassed,[9034 21590 291]
1977,by,[1729]
1978,my,[2465]
1979,unexpected,[54959]
1980,discovery,[4338 7601]
1981,and,[438]
1982,as,[300]
1983,I,[40]
1984,turned,[42286]
1985,my,[2465]
1986,eye,[19494]
1987,fell,[67643]
1988,on,[263]
1989,a,[64]
1990,small,[9181]
1991,picture,[27581]
1992,above,[49532]
1993,the,[1820]
1994,mantelpiecethe,[42551 1290 67592 19030]
1995,only,[3323]
1996,object,[1735]
1997,breaking,[37757]
1998,the,[1820]
1999,plain,[21435]
2000,oak,[78 587]
2001,panelling,[857 6427]
2002,of,[1073]
2003,the,[1820]
2004,room,[3039]
2005,Oh,[12174]
2006,by,[1729]
2007,Jove,[41 1009]
2008,I,[40]
2009,said,[84359]
2010,It,[2181]
2011,was,[16514]
2012,a,[64]
2013,sketch,[4991 3068]
2014,of,[1073]
2015,a,[64]
2016,donkeyan,[15357 798 276]
2017,old,[820]
2018,tired,[83 2757]
2019,donkey,[15357 798]
2020,standing,[10276]
2021,in,[258]
2022,the,[1820]
2023,rain,[30193]
2024,under,[8154]
2025,a,[64]
2026,wall,[16836]
2027,By,[1383]
2028,Jovea,[41 1009 64]
2029,Stroud,[2645 3023]
2030,I,[40]
2031,cried,[745 291]
2032,He,[1548]
2033,was,[16514]
2034,silent,[69758]
2035,but,[8248]
2036,I,[40]
2037,felt,[66922]
2038,him,[40617]
2039,close,[5669]
2040,behind,[30998 485]
2041,me,[2727]
2042,breathing,[21152 44661]
2043,a,[64]
2044,little,[56492]
2045,quickly,[28863 398]
2046,What,[3923]
2047,a,[64]
2048,wonder,[86 14518]
2049,Made,[41581]
2050,with,[4291]
2051,a,[64]
2052,dozen,[3055 5797]
2053,linesbut,[8128 8248]
2054,on,[263]
2055,everlasting,[2099 70529]
2056,foundations,[15456 811]
2057,You,[2675]
2058,lucky,[75 10279]
2059,chap,[93419]
2060,where,[2940]
2061,did,[23770]
2062,you,[9514]
2063,get,[456]
2064,it,[275]
2065,He,[1548]
2066,answered,[57824]
2067,slowly,[36311 398]
2068,Mrs,[50329]
2069,Stroud,[2645 3023]
2070,gave,[70 525]
2071,it,[275]
2072,to,[998]
2073,me,[2727]
2074,AhI,[25797 40]
2075,didnt,[23770 406]
2076,know,[33134]
2077,you,[9514]
2078,even,[17206]
2079,knew,[74 943]
2080,the,[1820]
2081,Strouds,[2645 3023 82]
2082,He,[1548]
2083,was,[16514]
2084,such,[21470]
2085,an,[276]
2086,inflexible,[258 12287 1260]
2087,hermit,[1964 1800]
2088,I,[40]
2089,didnttill,[23770 406 83 484]
2090,after,[10924]
2094,She,[8100]
2095,sent,[25526]
2096,for,[2000]
2097,me,[2727]
2098,to,[998]
2099,paint,[34717]
2100,him,[40617]
2101,when,[9493]
2102,he,[383]
2103,was,[16514]
2104,dead,[34854]
2105,When,[4599]
2106,he,[383]
2107,was,[16514]
2108,dead,[34854]
2109,You,[2675]
2110,I,[40]
2111,must,[25849]
2112,have,[19553]
2113,let,[1169]
2114,a,[64]
2115,little,[56492]
2116,too,[37227]
2117,much,[59178]
2118,amazement,[309 1394 1133]
2119,escape,[13295]
2120,through,[20322]
2121,my,[2465]
2122,surprise,[20370 9868]
2123,for,[2000]
2124,he,[383]
2125,answered,[57824]
2126,with,[4291]
2127,a,[64]
2128,deprecating,[451 10872 1113]
2129,laugh,[4355 7595]
2130,Yesshes,[56 434 17082]
2131,an,[276]
2132,awful,[675 1285]
2133,simpleton,[23796 783]
2134,you,[9514]
2135,know,[33134]
2136,Mrs,[50329]
2137,Stroud,[2645 3023]
2138,Her,[21364]
2139,only,[3323]
2140,idea,[42877]
2141,was,[16514]
2142,to,[998]
2143,have,[19553]
2144,him,[40617]
2145,done,[10655]
2146,by,[1729]
2147,a,[64]
2148,fashionable,[69 8958 481]
2149,painterah,[34717 97308]
2150,poor,[5481 269]
2151,Stroud,[2645 3023]
2152,She,[8100]
2153,thought,[61665]
2154,it,[275]
2155,the,[1820]
2156,surest,[19643 267]
2157,way,[3195]
2158,of,[1073]
2159,proclaiming,[782 8017 287]
2160,his,[26301]
2161,greatnessof,[47991 2136 1073]
2162,forcing,[42596]
2163,it,[275]
2164,on,[263]
2165,a,[64]
2166,purblind,[26047 94009]
2167,public,[898]
2168,And,[3112]
2169,at,[266]
2170,the,[1820]
2171,moment,[29699]
2172,I,[40]
2173,was,[16514]
2174,the,[1820]
2175,fashionable,[69 8958 481]
2176,painter,[34717 261]
2177,Ah,[25797]
2178,poor,[5481 269]
2179,Stroudas,[2645 3023 300]
2180,you,[9514]
2181,say,[37890]
2182,Was,[27125]
2183,that,[9210]
2184,his,[26301]
2185,history,[19375]
2186,That,[4897]
2187,was,[16514]
2188,his,[26301]
2189,history,[19375]
2190,She,[8100]
2191,believed,[9978 32077]
2192,in,[258]
2193,him,[40617]
2194,gloried,[6200 269 1142]
2195,in,[258]
2196,himor,[40617 269]
2197,thought,[61665]
2198,she,[32158]
2199,did,[23770]
2200,But,[4071]
2201,she,[32158]
2202,couldnt,[29177 406]
2203,bear,[68760]
2204,not,[1962]
2205,to,[998]
2206,have,[19553]
2207,all,[543]
2208,the,[1820]
2209,drawingrooms,[81949 9949]
2210,with,[4291]
2211,her,[1964]
2212,She,[8100]
2213,couldnt,[29177 406]
2214,bear,[68760]
2215,the,[1820]
2216,fact,[34210]
2217,that,[9210]
2218,on,[263]
2219,varnishing,[959 77 11218]
2220,days,[14097]
2221,one,[606]
2222,could,[29177]
2223,always,[33222]
2224,get,[456]
2225,near,[52759]
2226,enough,[268 1409]
2227,to,[998]
2228,see,[4151]
2229,his,[26301]
2230,pictures,[76503]
2231,Poor,[85203]
2232,woman,[22803]
2233,Shes,[2059 288]
2234,just,[4345]
2235,a,[64]
2236,fragment,[43302]
2237,groping,[70 897 287]
2238,for,[2000]
2239,other,[1605]
2240,fragments,[34298 1392]
2241,Stroud,[2645 3023]
2242,is,[285]
2243,the,[1820]
2244,only,[3323]
2245,whole,[67733]
2246,I,[40]
2247,ever,[2099]
2248,knew,[74 943]
2249,You,[2675]
2250,ever,[2099]
2251,knew,[74 943]
2252,But,[4071]
2253,you,[9514]
2254,just,[4345]
2255,said,[84359]
2256,Gisburn,[38 285 22464]
2257,had,[32345]
2258,a,[64]
2259,curious,[2407 1245]
2260,smile,[3647 458]
2261,in,[258]
2262,his,[26301]
2263,eyes,[58331]
2264,Oh,[12174]
2265,I,[40]
2266,knew,[74 943]
2267,him,[40617]
2268,and,[438]
2269,he,[383]
2270,knew,[74 943]
2271,meonly,[2727 3323]
2272,it,[275]
2273,happened,[71 680 6901]
2274,after,[10924]
2275,he,[383]
2276,was,[16514]
2277,dead,[34854]
2278,I,[40]
2279,dropped,[11513 7069]
2280,my,[2465]
2281,voice,[10063]
2282,instinctively,[6442 7956 3210]
2283,When,[4599]
2284,she,[32158]
2285,sent,[25526]
2286,for,[2000]
2287,you,[9514]
2288,Yesquite,[9642 84270]
2289,insensible,[1354 37864]
2290,to,[998]
2291,the,[1820]
2292,irony,[2534 88]
2293,She,[8100]
2294,wanted,[87692]
2295,him,[40617]
2296,vindicatedand,[85 485 10297 438]
2297,by,[1729]
2298,me,[2727]
2299,He,[1548]
2300,laughed,[4355 7595 291]
2301,again,[33871]
2302,and,[438]
2303,threw,[339 4361]
2304,back,[1445]
2305,his,[26301]
2306,head,[2025]
2307,to,[998]
2308,look,[7349]
2309,up,[455]
2310,at,[266]
2311,the,[1820]
2312,sketch,[4991 3068]
2313,of,[1073]
2314,the,[1820]
2315,donkey,[15357 798]
2316,There,[3947]
2317,were,[52898]
2318,days,[14097]
2319,when,[9493]
2320,I,[40]
2321,couldnt,[29177 406]
2322,look,[7349]
2323,at,[266]
2324,that,[9210]
2325,thingcouldnt,[1626 29177 406]
2326,face,[1594]
2327,it,[275]
2328,But,[4071]
2329,I,[40]
2330,forced,[25229]
2331,myself,[2465 726]
2332,to,[998]
2333,put,[631]
2334,it,[275]
2335,here,[6881]
2336,and,[438]
2337,now,[3409]
2338,its,[1220]
2339,cured,[66 3149]
2340,mecured,[76 762 3149]
2341,me,[2727]
2342,Thats,[1016 1900]
2343,the,[1820]
2344,reason,[20489]
2345,why,[35734]
2346,I,[40]
2347,dont,[78125]
2348,dabble,[67 73291]
2349,any,[3852]
2350,more,[6518]
2351,my,[2465]
2352,dear,[451 277]
2353,Rickham,[73345 5721]
2354,or,[269]
2355,rather,[74303]
2356,Stroud,[2645 3023]
2357,himself,[40617 726]
2358,is,[285]
2359,the,[1820]
2360,reason,[20489]
2361,For,[2520]
2362,the,[1820]
2363,first,[3983]
2364,time,[1712]
2365,my,[2465]
2366,idle,[48373]
2367,curiosity,[2407 33279]
2368,about,[9274]
2369,my,[2465]
2370,companion,[884 41890]
2371,turned,[42286]
2372,into,[18614]
2373,a,[64]
2374,serious,[94427]
2375,desire,[5919 556]
2376,to,[998]
2377,understand,[8154 2752]
2378,him,[40617]
2379,better,[58234]
2380,I,[40]
2381,wish,[82199]
2382,youd,[88 3023]
2383,tell,[73457]
2384,me,[2727]
2385,how,[5269]
2386,it,[275]
2387,happened,[71 680 6901]
2388,I,[40]
2389,said,[84359]
2390,He,[1548]
2391,stood,[52784]
2392,looking,[20986]
2393,up,[455]
2394,at,[266]
2395,the,[1820]
2396,sketch,[4991 3068]
2397,and,[438]
2398,twirling,[15930 51868]
2399,between,[42967]
2400,his,[26301]
2401,fingers,[69 14437]
2402,a,[64]
2403,cigarette,[66 44375 668]
2404,he,[383]
2405,had,[32345]
2406,forgotten,[97944 10503]
2407,to,[998]
2408,light,[4238]
2409,Suddenly,[98331]
2410,he,[383]
2411,turned,[42286]
2412,toward,[83 83071]
2413,me,[2727]
2414,Id,[769]
2415,rather,[74303]
2416,like,[4908]
2417,to,[998]
2418,tell,[73457]
2419,youbecause,[88 5599 6769]
2420,Ive,[40 588]
2421,always,[33222]
2422,suspected,[86521 4136]
2423,you,[9514]
2424,of,[1073]
2425,loathing,[385 44661]
2426,my,[2465]
2427,work,[1816]
2428,I,[40]
2429,made,[28010]
2430,a,[64]
2431,deprecating,[451 10872 1113]
2432,gesture,[86457]
2433,which,[8370]
2434,he,[383]
2435,negatived,[29875 266 2270]
2436,with,[4291]
2437,a,[64]
2438,goodhumoured,[19045 28400 21020]
2439,shrug,[67139 773]
2440,Oh,[12174]
2441,I,[40]
2442,didnt,[23770 406]
2443,care,[10727]
2444,a,[64]
2445,straw,[496 675]
2446,when,[9493]
2447,I,[40]
2448,believed,[9978 32077]
2449,in,[258]
2450,myselfand,[2465 726 438]
2451,now,[3409]
2452,its,[1220]
2453,an,[276]
2454,added,[17249]
2455,tie,[49831]
2456,between,[42967]
2457,us,[355]
2458,He,[1548]
2459,laughed,[4355 7595 291]
2460,slightly,[3306 73048]
2461,without,[30096]
2462,bitterness,[65 3328 2136]
2463,and,[438]
2464,pushed,[9254 291]
2465,one,[606]
2466,of,[1073]
2467,the,[1820]
2468,deep,[33980]
2469,armchairs,[2227 331 4825]
2470,forward,[13741]
2471,There,[3947]
2472,make,[7072]
2473,yourself,[22479 726]
2474,comfortableand,[19975 481 438]
2475,here,[6881]
2476,are,[548]
2477,the,[1820]
2478,cigars,[66 343 1590]
2479,you,[9514]
2480,like,[4908]
2481,He,[1548]
2482,placed,[37469]
2483,them,[49818]
2484,at,[266]
2485,my,[2465]
2486,elbow,[301 15802]
2487,and,[438]
2488,continued,[86957]
2489,to,[998]
2490,wander,[86 8363]
2491,up,[455]
2492,and,[438]
2493,down,[2996]
2494,the,[1820]
2495,room,[3039]
2496,stopping,[267 7153]
2497,now,[3409]
2498,and,[438]
2499,then,[3473]
2500,beneath,[65 1994 589]
2501,the,[1820]
2502,picture,[27581]
2503,How,[4438]
2504,it,[275]
2505,happened,[71 680 6901]
2506,I,[40]
2507,can,[4919]
2508,tell,[73457]
2509,you,[9514]
2510,in,[258]
2511,five,[53770]
2512,minutesand,[38137 438]
2513,it,[275]
2514,didnt,[23770 406]
2515,take,[23609]
2516,much,[59178]
2517,longer,[4930 261]
2518,to,[998]
2519,happen,[71 64860]
2523,I,[40]
2524,can,[4919]
2525,remember,[30380]
2526,now,[3409]
2527,how,[5269]
2528,surprised,[20370 652 4147]
2529,and,[438]
2530,pleased,[698 1503]
2531,I,[40]
2532,was,[16514]
2533,when,[9493]
2534,I,[40]
2535,got,[23196]
2536,Mrs,[50329]
2537,Strouds,[2645 3023 82]
2538,note,[10179]
2539,Of,[2173]
2540,course,[12120]
2541,deep,[33980]
2542,down,[2996]
2543,I,[40]
2544,had,[32345]
2545,always,[33222]
2546,felt,[66922]
2547,there,[19041]
2548,was,[16514]
2549,no,[2201]
2550,one,[606]
2551,like,[4908]
2552,himonly,[40617 3323]
2553,I,[40]
2554,had,[32345]
2555,gone,[46696]
2556,with,[4291]
2557,the,[1820]
2558,stream,[4116]
2559,echoed,[3123 291]
2560,the,[1820]
2561,usual,[81324]
2562,platitudes,[43439 21237]
2563,about,[9274]
2564,him,[40617]
2565,till,[83 484]
2566,I,[40]
2567,half,[38106]
2568,got,[23196]
2569,to,[998]
2570,think,[27963]
2571,he,[383]
2572,was,[16514]
2573,a,[64]
2574,failure,[30039]
2575,one,[606]
2576,of,[1073]
2577,the,[1820]
2578,kind,[15674]
2579,that,[9210]
2580,are,[548]
2581,left,[2414]
2582,behind,[30998 485]
2583,By,[1383]
2584,Jove,[41 1009]
2585,and,[438]
2586,he,[383]
2587,was,[16514]
2588,left,[2414]
2589,behindbecause,[30998 485 28753]
2590,he,[383]
2591,had,[32345]
2592,come,[2063]
2593,to,[998]
2594,stay,[60021]
2595,The,[791]
2596,rest,[4014]
2597,of,[1073]
2598,us,[355]
2599,had,[32345]
2600,to,[998]
2601,let,[1169]
2602,ourselves,[2530 4372]
2603,be,[1395]
2604,swept,[82 906 418]
2605,along,[39393]
2606,or,[269]
2607,go,[3427]
2608,under,[8154]
2609,but,[8248]
2610,he,[383]
2611,was,[16514]
2612,high,[12156]
2613,above,[49532]
2614,the,[1820]
2615,currenton,[3311 263]
2616,everlasting,[2099 70529]
2617,foundations,[15456 811]
2618,as,[300]
2619,you,[9514]
2620,say,[37890]
2621,Well,[11649]
2622,I,[40]
2623,went,[42700]
2624,off,[1885]
2625,to,[998]
2626,the,[1820]
2627,house,[7830]
2628,in,[258]
2629,my,[2465]
2630,most,[3646]
2631,egregious,[797 1610 1245]
2632,moodrather,[76 1411 74303]
2633,moved,[95918]
2634,Lord,[52182]
2635,forgive,[97944 535]
2636,me,[2727]
2637,at,[266]
2638,the,[1820]
2639,pathos,[2398 437]
2640,of,[1073]
2641,poor,[5481 269]
2642,Strouds,[2645 3023 82]
2643,career,[95637]
2644,of,[1073]
2645,failure,[30039]
2646,being,[35214]
2647,crowned,[66 45184]
2648,by,[1729]
2649,the,[1820]
2650,glory,[6200 683]
2651,of,[1073]
2652,my,[2465]
2653,painting,[34717 287]
2654,him,[40617]
2655,Of,[2173]
2656,course,[12120]
2657,I,[40]
2658,meant,[2727 519]
2659,to,[998]
2660,do,[3055]
2661,the,[1820]
2662,picture,[27581]
2663,for,[2000]
2664,nothingI,[42312 40]
2665,told,[83 820]
2666,Mrs,[50329]
2667,Stroud,[2645 3023]
2668,so,[708]
2669,when,[9493]
2670,she,[32158]
2671,began,[65 16133]
2672,to,[998]
2673,stammer,[267 67699]
2674,something,[34431]
2675,about,[9274]
2676,her,[1964]
2677,poverty,[5481 17098]
2678,I,[40]
2679,remember,[30380]
2680,getting,[51210]
2681,off,[1885]
2682,a,[64]
2683,prodigious,[20329 22941]
2684,phrase,[28810]
2685,about,[9274]
2686,the,[1820]
2687,honour,[82649 414]
2688,being,[35214]
2689,mineoh,[6095 2319]
2690,I,[40]
2691,was,[16514]
2692,princely,[652 2910 989]
2693,my,[2465]
2694,dear,[451 277]
2695,Rickham,[73345 5721]
2696,I,[40]
2697,was,[16514]
2698,posing,[8478]
2699,to,[998]
2700,myself,[2465 726]
2701,like,[4908]
2702,one,[606]
2703,of,[1073]
2704,my,[2465]
2705,own,[785]
2706,sitters,[82 29163]
2707,Then,[12487]
2708,I,[40]
2709,was,[16514]
2710,taken,[83261]
2711,up,[455]
2712,and,[438]
2713,left,[2414]
2714,alone,[32676]
2715,with,[4291]
2716,him,[40617]
2717,I,[40]
2718,had,[32345]
2719,sent,[25526]
2720,all,[543]
2721,my,[2465]
2722,traps,[376 2690]
2723,in,[258]
2724,advance,[60420]
2725,and,[438]
2726,I,[40]
2727,had,[32345]
2728,only,[3323]
2729,to,[998]
2730,set,[751]
2731,up,[455]
2732,the,[1820]
2733,easel,[68 84597]
2734,and,[438]
2735,get,[456]
2736,to,[998]
2737,work,[1816]
2738,He,[1548]
2739,had,[32345]
2740,been,[82850]
2741,dead,[34854]
2742,only,[3323]
2743,twentyfour,[95065 35124]
2744,hours,[31482]
2745,and,[438]
2746,he,[383]
2747,died,[67 1142]
2748,suddenly,[82 44806]
2749,of,[1073]
2750,heart,[18207]
2751,disease,[67 56407]
2752,so,[708]
2753,that,[9210]
2754,there,[19041]
2755,had,[32345]
2756,been,[82850]
2757,no,[2201]
2758,preliminary,[1762 4763 3367]
2759,work,[1816]
2760,of,[1073]
2761,destructionhis,[451 3099 26301]
2762,face,[1594]
2763,was,[16514]
2764,clear,[7574]
2765,and,[438]
2766,untouched,[3935 34170]
2767,I,[40]
2768,had,[32345]
2769,met,[4150]
2770,him,[40617]
2771,once,[13486]
2772,or,[269]
2773,twice,[15930 560]
2774,years,[42820]
2775,before,[15145]
2776,and,[438]
2777,thought,[61665]
2778,him,[40617]
2779,insignificant,[1354 625 34828]
2780,and,[438]
2781,dingy,[7113 88]
2782,Now,[7184]
2783,I,[40]
2784,saw,[82 675]
2785,that,[9210]
2786,he,[383]
2787,was,[16514]
2788,superb,[9712 65]
2789,I,[40]
2790,was,[16514]
2791,glad,[6200 329]
2792,at,[266]
2793,first,[3983]
2794,with,[4291]
2795,a,[64]
2796,merely,[1195 989]
2797,aesthetic,[64 71109]
2798,satisfaction,[82 52370]
2799,glad,[6200 329]
2800,to,[998]
2801,have,[19553]
2802,my,[2465]
2803,hand,[10888]
2804,on,[263]
2805,such,[21470]
2806,a,[64]
2807,subject,[11760]
2808,Then,[12487]
2809,his,[26301]
2810,strange,[496 853]
2811,lifelikeness,[75 333 301 1609 24639]
2812,began,[65 16133]
2813,to,[998]
2814,affect,[64 1740]
2815,me,[2727]
2816,queerlyas,[593 261 398 300]
2817,I,[40]
2818,blocked,[62448]
2819,the,[1820]
2820,head,[2025]
2821,in,[258]
2822,I,[40]
2823,felt,[66922]
2824,as,[300]
2825,if,[333]
2826,he,[383]
2827,were,[52898]
2828,watching,[14658 287]
2829,me,[2727]
2830,do,[3055]
2831,it,[275]
2832,The,[791]
2833,sensation,[82 42725]
2834,was,[16514]
2835,followed,[19070 291]
2836,by,[1729]
2837,the,[1820]
2838,thought,[61665]
2839,if,[333]
2840,he,[383]
2841,were,[52898]
2842,watching,[14658 287]
2843,me,[2727]
2844,what,[12840]
2845,would,[41450]
2846,he,[383]
2847,say,[37890]
2848,to,[998]
2849,my,[2465]
2850,way,[3195]
2851,of,[1073]
2852,working,[21837]
2853,My,[5159]
2854,strokes,[267 56137]
2855,began,[65 16133]
2856,to,[998]
2857,go,[3427]
2858,a,[64]
2859,little,[56492]
2860,wildI,[68974 40]
2861,felt,[66922]
2862,nervous,[77 651 788]
2863,and,[438]
2864,uncertain,[1371 7770]
2865,Once,[12805]
2866,when,[9493]
2867,I,[40]
2868,looked,[7349 291]
2869,up,[455]
2870,I,[40]
2871,seemed,[325 16809]
2872,to,[998]
2873,see,[4151]
2874,a,[64]
2875,smile,[3647 458]
2876,behind,[30998 485]
2877,his,[26301]
2878,close,[5669]
2879,grayish,[11912 819]
2880,beardas,[1395 569 300]
2881,if,[333]
2882,he,[383]
2883,had,[32345]
2884,the,[1820]
2885,secret,[21107]
2886,and,[438]
2887,were,[52898]
2888,amusing,[309 985]
2889,himself,[40617 726]
2890,by,[1729]
2891,holding,[43591]
2892,it,[275]
2893,back,[1445]
2894,from,[1527]
2895,me,[2727]
2896,That,[4897]
2897,exasperated,[7619 716 660]
2898,me,[2727]
2899,still,[44466]
2900,more,[6518]
2901,The,[791]
2902,secret,[21107]
2903,Why,[10445]
2904,I,[40]
2905,had,[32345]
2906,a,[64]
2907,secret,[21107]
2908,worth,[20069]
2909,twenty,[95065]
2910,of,[1073]
2911,his,[26301]
2912,I,[40]
2913,dashed,[67 13883]
2914,at,[266]
2915,the,[1820]
2916,canvas,[20538]
2917,furiously,[84001 13610]
2918,and,[438]
2919,tried,[376 1142]
2920,some,[15031]
2921,of,[1073]
2922,my,[2465]
2923,bravura,[1347 402 5808]
2924,tricks,[376 5908]
2925,But,[4071]
2926,they,[20670]
2927,failed,[16479]
2928,me,[2727]
2929,they,[20670]
2930,crumbled,[5192 26902]
2931,I,[40]
2932,saw,[82 675]
2933,that,[9210]
2934,he,[383]
2935,wasnt,[16514 406]
2936,watching,[14658 287]
2937,the,[1820]
2938,showy,[3528 88]
2939,bitsI,[11777 40]
2940,couldnt,[29177 406]
2941,distract,[67 3843 533]
2942,his,[26301]
2943,attention,[54203]
2944,he,[383]
2945,just,[4345]
2946,kept,[99020]
2947,his,[26301]
2948,eyes,[58331]
2949,on,[263]
2950,the,[1820]
2951,hard,[19221]
2952,passages,[6519 1154]
2953,between,[42967]
2954,Those,[23025]
2955,were,[52898]
2956,the,[1820]
2957,ones,[3233]
2958,I,[40]
2959,had,[32345]
2960,always,[33222]
2961,shirked,[939 14468 291]
2962,or,[269]
2963,covered,[21468]
2964,up,[455]
2965,with,[4291]
2966,some,[15031]
2967,lying,[6852]
2968,paint,[34717]
2969,And,[3112]
2970,how,[5269]
2971,he,[383]
2972,saw,[82 675]
2973,through,[20322]
2974,my,[2465]
2975,lies,[49201]
2976,I,[40]
2977,looked,[7349 291]
2978,up,[455]
2979,again,[33871]
2980,and,[438]
2981,caught,[62308]
2982,sight,[82 492]
2983,of,[1073]
2984,that,[9210]
2985,sketch,[4991 3068]
2986,of,[1073]
2987,the,[1820]
2988,donkey,[15357 798]
2989,hanging,[71 8764]
2990,on,[263]
2991,the,[1820]
2992,wall,[16836]
2993,near,[52759]
2994,his,[26301]
2995,bed,[2788]
2996,His,[16366]
2997,wife,[48841]
2998,told,[83 820]
2999,me,[2727]
3000,afterward,[10924 1637]
3001,it,[275]
3002,was,[16514]
3003,the,[1820]
3004,last,[4354]
3005,thing,[1626]
3006,he,[383]
3007,had,[32345]
3008,donejust,[10655 4345]
3009,a,[64]
3010,note,[10179]
3011,taken,[83261]
3012,with,[4291]
3013,a,[64]
3014,shaking,[939 1802]
3015,hand,[10888]
3016,when,[9493]
3017,he,[383]
3018,was,[16514]
3019,down,[2996]
3020,in,[258]
3021,Devonshire,[14934 263 15255]
3022,recovering,[75383 287]
3023,from,[1527]
3024,a,[64]
3025,previous,[20281]
3026,heart,[18207]
3027,attack,[21208]
3028,Just,[10156]
3029,a,[64]
3030,note,[10179]
3031,But,[4071]
3032,it,[275]
3033,tells,[83 6572]
3034,his,[26301]
3035,whole,[67733]
3036,history,[19375]
3037,There,[3947]
3038,are,[548]
3039,years,[42820]
3040,of,[1073]
3041,patient,[23557]
3042,scornful,[2445 1540 1285]
3043,persistence,[79 8185]
3044,in,[258]
3045,every,[30115]
3046,line,[1074]
3047,A,[32]
3048,man,[1543]
3049,who,[14965]
3050,had,[32345]
3051,swum,[2332 372]
3052,with,[4291]
3053,the,[1820]
3054,current,[3311]
3055,could,[29177]
3056,never,[37593]
3057,have,[19553]
3058,learned,[12964 291]
3059,that,[9210]
3060,mighty,[68405]
3061,upstream,[455 4116]
3062,stroke,[29341]
3066,I,[40]
3067,turned,[42286]
3068,back,[1445]
3069,to,[998]
3070,my,[2465]
3071,work,[1816]
3072,and,[438]
3073,went,[42700]
3074,on,[263]
3075,groping,[70 897 287]
3076,and,[438]
3077,muddling,[76 8512 2785]
3078,then,[3473]
3079,I,[40]
3080,looked,[7349 291]
3081,at,[266]
3082,the,[1820]
3083,donkey,[15357 798]
3084,again,[33871]
3085,I,[40]
3086,saw,[82 675]
3087,that,[9210]
3088,when,[9493]
3089,Stroud,[2645 3023]
3090,laid,[75 3864]
3091,in,[258]
3092,the,[1820]
3093,first,[3983]
3094,stroke,[29341]
3095,he,[383]
3096,knew,[74 943]
3097,just,[4345]
3098,what,[12840]
3099,the,[1820]
3100,end,[408]
3101,would,[41450]
3102,be,[1395]
3103,He,[1548]
3104,had,[32345]
3105,possessed,[9007 22456]
3106,his,[26301]
3107,subject,[11760]
3108,absorbed,[3518 269 2788]
3109,it,[275]
3110,recreated,[265 7266]
3111,it,[275]
3112,When,[4599]
3113,had,[32345]
3114,I,[40]
3115,done,[10655]
3116,that,[9210]
3117,with,[4291]
3118,any,[3852]
3119,of,[1073]
3120,my,[2465]
3121,things,[58174]
3122,They,[7009]
3123,hadnt,[32345 406]
3124,been,[82850]
3125,born,[16381]
3126,of,[1073]
3127,meI,[2727 40]
3128,had,[32345]
3129,just,[4345]
3130,adopted,[99338 291]
3131,them,[49818]
3135,Hang,[58138]
3136,it,[275]
3137,Rickham,[73345 5721]
3138,with,[4291]
3139,that,[9210]
3140,face,[1594]
3141,watching,[14658 287]
3142,me,[2727]
3143,I,[40]
3144,couldnt,[29177 406]
3145,do,[3055]
3146,another,[43063]
3147,stroke,[29341]
3148,The,[791]
3149,plain,[21435]
3150,truth,[59677]
3151,was,[16514]
3152,I,[40]
3153,didnt,[23770 406]
3154,know,[33134]
3155,where,[2940]
3156,to,[998]
3157,put,[631]
3158,itI,[275 40]
3159,had,[32345]
3160,never,[37593]
3161,known,[5391]
3162,Only,[7456]
3163,with,[4291]
3164,my,[2465]
3165,sitters,[82 29163]
3166,and,[438]
3167,my,[2465]
3168,public,[898]
3169,a,[64]
3170,showy,[3528 88]
3171,splash,[49732]
3172,of,[1073]
3173,colour,[48439]
3174,covered,[21468]
3175,up,[455]
3176,the,[1820]
3177,factI,[34210 40]
3178,just,[4345]
3179,threw,[339 4361]
3180,paint,[34717]
3181,into,[18614]
3182,their,[50828]
3183,faces,[7760]
3187,Well,[11649]
3188,paint,[34717]
3189,was,[16514]
3190,the,[1820]
3191,one,[606]
3192,medium,[27178]
3193,those,[54719]
3194,dead,[34854]
3195,eyes,[58331]
3196,could,[29177]
3197,see,[4151]
3198,throughsee,[20322 4151]
3199,straight,[89292]
3200,to,[998]
3201,the,[1820]
3202,tottering,[28879 60485]
3203,foundations,[15456 811]
3204,underneath,[8154 28917]
3205,Dont,[35 546]
3206,you,[9514]
3207,know,[33134]
3208,how,[5269]
3209,in,[258]
3210,talking,[83 30855]
3211,a,[64]
3212,foreign,[29543]
3213,language,[11789]
3214,even,[17206]
3215,fluently,[27256 4501]
3216,one,[606]
3217,says,[98036]
3218,half,[38106]
3219,the,[1820]
3220,time,[1712]
3221,not,[1962]
3222,what,[12840]
3223,one,[606]
3224,wants,[86 1821]
3225,to,[998]
3226,but,[8248]
3227,what,[12840]
3228,one,[606]
3229,can,[4919]
3230,Wellthat,[11649 9210]
3231,was,[16514]
3232,the,[1820]
3233,way,[3195]
3234,I,[40]
3235,painted,[79 31329]
3236,and,[438]
3237,as,[300]
3238,he,[383]
3239,lay,[6789]
3240,there,[19041]
3241,and,[438]
3242,watched,[14658 291]
3243,me,[2727]
3244,the,[1820]
3245,thing,[1626]
3246,they,[20670]
3247,called,[44982]
3248,my,[2465]
3249,technique,[26522 2428]
3250,collapsed,[43128]
3251,like,[4908]
3252,a,[64]
3253,house,[7830]
3254,of,[1073]
3255,cards,[26076]
3256,He,[1548]
3257,didnt,[23770 406]
3258,sneer,[82 818 261]
3259,you,[9514]
3260,understand,[8154 2752]
3261,poor,[5481 269]
3262,Stroudhe,[2645 3023 383]
3263,just,[4345]
3264,lay,[6789]
3265,there,[19041]
3266,quietly,[44750 398]
3267,watching,[14658 287]
3268,and,[438]
3269,on,[263]
3270,his,[26301]
3271,lips,[75 3153]
3272,through,[20322]
3273,the,[1820]
3274,gray,[11912]
3275,beard,[1395 569]
3276,I,[40]
3277,seemed,[325 16809]
3278,to,[998]
3279,hear,[87160]
3280,the,[1820]
3281,question,[7998]
3282,Are,[11787]
3283,you,[9514]
3284,sure,[19643]
3285,you,[9514]
3286,know,[33134]
3287,where,[2940]
3288,youre,[9514 265]
3289,coming,[5065]
3290,out,[412]
3291,If,[2746]
3292,I,[40]
3293,could,[29177]
3294,have,[19553]
3295,painted,[79 31329]
3296,that,[9210]
3297,face,[1594]
3298,with,[4291]
3299,that,[9210]
3300,question,[7998]
3301,on,[263]
3302,it,[275]
3303,I,[40]
3304,should,[5562]
3305,have,[19553]
3306,done,[10655]
3307,a,[64]
3308,great,[47991]
3309,thing,[1626]
3310,The,[791]
3311,next,[3684]
3312,greatest,[70 11423]
3313,thing,[1626]
3314,was,[16514]
3315,to,[998]
3316,see,[4151]
3317,that,[9210]
3318,I,[40]
3319,couldntand,[29177 406 438]
3320,that,[9210]
3321,grace,[911 580]
3322,was,[16514]
3323,given,[43068]
3324,me,[2727]
3325,But,[4071]
3326,oh,[2319]
3327,at,[266]
3328,that,[9210]
3329,minute,[43657]
3330,Rickham,[73345 5721]
3331,was,[16514]
3332,there,[19041]
3333,anything,[73254]
3334,on,[263]
3335,earth,[28641]
3336,I,[40]
3337,wouldnt,[41450 406]
3338,have,[19553]
3339,given,[43068]
3340,to,[998]
3341,have,[19553]
3342,Stroud,[2645 3023]
3343,alive,[52061]
3344,before,[15145]
3345,me,[2727]
3346,and,[438]
3347,to,[998]
3348,hear,[87160]
3349,him,[40617]
3350,say,[37890]
3351,Its,[37220]
3352,not,[1962]
3353,too,[37227]
3354,lateIll,[5185 52815]
3355,show,[3528]
3356,you,[9514]
3357,how,[5269]
3358,It,[2181]
3359,was,[16514]
3360,too,[37227]
3361,lateit,[5185 275]
3362,would,[41450]
3363,have,[19553]
3364,been,[82850]
3365,even,[17206]
3366,if,[333]
3367,hed,[42109]
3368,been,[82850]
3369,alive,[52061]
3370,I,[40]
3371,packed,[51421]
3372,up,[455]
3373,my,[2465]
3374,traps,[376 2690]
3375,and,[438]
3376,went,[42700]
3377,down,[2996]
3378,and,[438]
3379,told,[83 820]
3380,Mrs,[50329]
3381,Stroud,[2645 3023]
3382,Of,[2173]
3383,course,[12120]
3384,I,[40]
3385,didnt,[23770 406]
3386,tell,[73457]
3387,her,[1964]
3388,thatit,[9210 275]
3389,would,[41450]
3390,have,[19553]
3391,been,[82850]
3392,Greek,[95448]
3393,to,[998]
3394,her,[1964]
3395,I,[40]
3396,simply,[15124 2603]
3397,said,[84359]
3398,I,[40]
3399,couldnt,[29177 406]
3400,paint,[34717]
3401,him,[40617]
3402,that,[9210]
3403,I,[40]
3404,was,[16514]
3405,too,[37227]
3406,moved,[95918]
3407,She,[8100]
3408,rather,[74303]
3409,liked,[44336]
3410,the,[1820]
3411,ideashes,[579 14380]
3412,so,[708]
3413,romantic,[442 8322]
3414,It,[2181]
3415,was,[16514]
3416,that,[9210]
3417,that,[9210]
3418,made,[28010]
3419,her,[1964]
3420,give,[47530]
3421,me,[2727]
3422,the,[1820]
3423,donkey,[15357 798]
3424,But,[4071]
3425,she,[32158]
3426,was,[16514]
3427,terribly,[466 37852]
3428,upset,[455 751]
3429,at,[266]
3430,not,[1962]
3431,getting,[51210]
3432,the,[1820]
3433,portraitshe,[403 27383 383]
3434,did,[23770]
3435,so,[708]
3436,want,[53757]
3437,him,[40617]
3438,done,[10655]
3439,by,[1729]
3440,some,[15031]
3441,one,[606]
3442,showy,[3528 88]
3443,At,[1688]
3444,first,[3983]
3445,I,[40]
3446,was,[16514]
3447,afraid,[2642 14152]
3448,she,[32158]
3449,wouldnt,[41450 406]
3450,let,[1169]
3451,me,[2727]
3452,offand,[1885 438]
3453,at,[266]
3454,my,[2465]
3455,wits,[86 1220]
3456,end,[408]
3457,I,[40]
3458,suggested,[82 54376]
3459,Grindle,[6600 58863]
3460,Yes,[9642]
3461,it,[275]
3462,was,[16514]
3463,I,[40]
3464,who,[14965]
3465,started,[47823]
3466,Grindle,[6600 58863]
3467,I,[40]
3468,told,[83 820]
3469,Mrs,[50329]
3470,Stroud,[2645 3023]
3471,he,[383]
3472,was,[16514]
3473,the,[1820]
3474,coming,[5065]
3475,man,[1543]
3476,and,[438]
3477,she,[32158]
3478,told,[83 820]
3479,somebody,[15031 2664]
3480,else,[1531]
3481,and,[438]
3482,so,[708]
3483,it,[275]
3484,got,[23196]
3485,to,[998]
3486,be,[1395]
3487,true,[1904]
3491,And,[3112]
3492,he,[383]
3493,painted,[79 31329]
3494,Stroud,[2645 3023]
3495,without,[30096]
3496,wincing,[86 2910 287]
3497,and,[438]
3498,she,[32158]
3499,hung,[57932]
3500,the,[1820]
3501,picture,[27581]
3502,among,[77405]
3503,her,[1964]
3504,husbands,[13092 43006]
3505,things,[58174]
3509,He,[1548]
3510,flung,[1517 2234]
3511,himself,[40617 726]
3512,down,[2996]
3513,in,[258]
3514,the,[1820]
3515,armchair,[2227 35296]
3516,near,[52759]
3517,mine,[6095]
3518,laid,[75 3864]
3519,back,[1445]
3520,his,[26301]
3521,head,[2025]
3522,and,[438]
3523,clasping,[87363 10194]
3524,his,[26301]
3525,arms,[16293]
3526,beneath,[65 1994 589]
3527,it,[275]
3528,looked,[7349 291]
3529,up,[455]
3530,at,[266]
3531,the,[1820]
3532,picture,[27581]
3533,above,[49532]
3534,the,[1820]
3535,chimneypiece,[331 318 818 1100 9286]
3536,I,[40]
3537,like,[4908]
3538,to,[998]
3539,fancy,[69 6709]
3540,that,[9210]
3541,Stroud,[2645 3023]
3542,himself,[40617 726]
3543,would,[41450]
3544,have,[19553]
3545,given,[43068]
3546,it,[275]
3547,to,[998]
3548,me,[2727]
3549,if,[333]
3550,hed,[42109]
3551,been,[82850]
3552,able,[481]
3553,to,[998]
3554,say,[37890]
3555,what,[12840]
3556,he,[383]
3557,thought,[61665]
3558,that,[9210]
3559,day,[1316]
3560,And,[3112]
3561,in,[258]
3562,answer,[9399]
3563,to,[998]
3564,a,[64]
3565,question,[7998]
3566,I,[40]
3567,put,[631]
3568,halfmechanicallyBegin,[38106 2727 5776 2740 11382]
3569,again,[33871]
3570,he,[383]
3571,flashed,[1517 13883]
3572,out,[412]
3573,When,[4599]
3574,the,[1820]
3575,one,[606]
3576,thing,[1626]
3577,that,[9210]
3578,brings,[1347 826]
3579,me,[2727]
3580,anywhere,[3852 2940]
3581,near,[52759]
3582,him,[40617]
3583,is,[285]
3584,that,[9210]
3585,I,[40]
3586,knew,[74 943]
3587,enough,[268 1409]
3588,to,[998]
3589,leave,[22233]
3590,off,[1885]
3591,He,[1548]
3592,stood,[52784]
3593,up,[455]
3594,and,[438]
3595,laid,[75 3864]
3596,his,[26301]
3597,hand,[10888]
3598,on,[263]
3599,my,[2465]
3600,shoulder,[5562 261]
3601,with,[4291]
3602,a,[64]
3603,laugh,[4355 7595]
3604,Only,[7456]
3605,the,[1820]
3606,irony,[2534 88]
3607,of,[1073]
3608,it,[275]
3609,is,[285]
3610,that,[9210]
3611,I,[40]
3612,am,[309]
3613,still,[44466]
3614,paintingsince,[34717 826 1736]
3615,Grindles,[6600 485 645]
3616,doing,[45359]
3617,it,[275]
3618,for,[2000]
3619,me,[2727]
3620,The,[791]
3621,Strouds,[2645 3023 82]
3622,stand,[2752]
3623,alone,[32676]
3624,and,[438]
3625,happen,[71 64860]
3626,oncebut,[13486 8248]
3627,theres,[700 288]
3628,no,[2201]
3629,exterminating,[38665 65383]
3630,our,[414]
3631,kind,[15674]
3632,of,[1073]
3633,art,[472]
